Time_s,Current_A,Temperature_K,State_x
1.000000000000000021e-02,7.342415483435615897e-05,3.000000036712077645e+02,1.999362111091613770e-01
1.035231775930738757e-02,7.342245953623205423e-05,3.000000038004185967e+02,1.999339610338211060e-01
1.071704829896710960e-02,7.339968578889966011e-05,3.000000039341355205e+02,1.999316364526748657e-01
1.109462894327521883e-02,7.342121534748002887e-05,3.000000040725990971e+02,1.999292224645614624e-01
1.148551242423937954e-02,7.340103911701589823e-05,3.000000042158961833e+02,1.999267339706420898e-01
1.189016742441989863e-02,7.341514719882979989e-05,3.000000043642646119e+02,1.999241560697555542e-01
1.230907913889602370e-02,7.339431613218039274e-05,3.000000045178105097e+02,1.999214887619018555e-01
1.274274985703133418e-02,7.341333548538386822e-05,3.000000046768006428e+02,1.999187171459197998e-01
1.319169956473571596e-02,7.341153832385316491e-05,3.000000048413810987e+02,1.999158561229705811e-01
1.365646656794611107e-02,7.341231685131788254e-05,3.000000050117541832e+02,1.999128907918930054e-01
1.413760813807360579e-02,7.340910815401002765e-05,3.000000051881139029e+02,1.999098211526870728e-01
1.463570118019079727e-02,7.342881144722923636e-05,3.000000053707273651e+02,1.999066472053527832e-01
1.515134292476053024e-02,7.342131721088662744e-05,3.000000055597458868e+02,1.999033540487289429e-01
1.568515164373547946e-02,7.342727622017264366e-05,3.000000057554296973e+02,1.998999565839767456e-01
1.623776739188721729e-02,7.343779725488275290e-05,3.000000059580260654e+02,1.998964399099349976e-01
1.680985277425363703e-02,7.338544673984870315e-05,3.000000061675989400e+02,1.998927891254425049e-01
1.740209374062485007e-02,7.341826130868867040e-05,3.000000063846401872e+02,1.998890191316604614e-01
1.801520040802025505e-02,7.339389412663877010e-05,3.000000066092401880e+02,1.998851150274276733e-01
1.864990791214297255e-02,7.342071330640465021e-05,3.000000068418240744e+02,1.998810768127441406e-01
1.930697728883249559e-02,7.341672608163207769e-05,3.000000070825739158e+02,1.998768895864486694e-01
1.998719638657250539e-02,7.342464232351630926e-05,3.000000073318163913e+02,1.998725533485412598e-01
2.069138081114790112e-02,7.341539458138868213e-05,3.000000075897899592e+02,1.998680680990219116e-01
2.142037490358384214e-02,7.340476440731436014e-05,3.000000078567948663e+02,1.998634189367294312e-01
2.217505275253931624e-02,7.340352021856233478e-05,3.000000081331820070e+02,1.998586058616638184e-01
2.295631924236909635e-02,7.344706682488322258e-05,3.000000084194552414e+02,1.998536288738250732e-01
2.376511113811075396e-02,7.342371827689930797e-05,3.000000087156968220e+02,1.998484730720520020e-01
2.460239820869776495e-02,7.338997238548472524e-05,3.000000090222094400e+02,1.998431384563446045e-01
2.546918438974540150e-02,7.339823059737682343e-05,3.000000093395302656e+02,1.998376101255416870e-01
2.636650898730358294e-02,7.340181036852300167e-05,3.000000096680184356e+02,1.998318880796432495e-01
2.729544792402007272e-02,7.340151933021843433e-05,3.000000100080479797e+02,1.998259723186492920e-01
2.825711502920828441e-02,7.341576565522700548e-05,3.000000103600931993e+02,1.998198479413986206e-01
2.925266337436644576e-02,7.342200842685997486e-05,3.000000107245376171e+02,1.998135000467300415e-01
3.028328665574945774e-02,7.340476440731436014e-05,3.000000111016956339e+02,1.998069286346435547e-01
3.135022062565115397e-02,7.341137825278565288e-05,3.000000114921366503e+02,1.998001337051391602e-01
3.245474457411330615e-02,7.341448508668690920e-05,3.000000118963076261e+02,1.997931003570556641e-01
3.359818286283781236e-02,7.340477895922958851e-05,3.000000123146165265e+02,1.997858136892318726e-01
3.478190651314130161e-02,7.340603042393922806e-05,3.000000127476210992e+02,1.997782737016677856e-01
3.600733484985620125e-02,7.341931632254272699e-05,3.000000131959095029e+02,1.997704654932022095e-01
3.727593720314940212e-02,7.340200681937858462e-05,3.000000136598252425e+02,1.997623890638351440e-01
3.858923467029903159e-02,7.342320168390870094e-05,3.000000141401638416e+02,1.997540295124053955e-01
3.994880193954170045e-02,7.340344018302857876e-05,3.000000146372259451e+02,1.997453719377517700e-01
4.135626917817709913e-02,7.340556476265192032e-05,3.000000151517454583e+02,1.997364163398742676e-01
4.281332398719393806e-02,7.342181925196200609e-05,3.000000156844358230e+02,1.997271478176116943e-01
4.432171342476085713e-02,7.344217738136649132e-05,3.000000162359669957e+02,1.997175514698028564e-01
4.588324610100844719e-02,7.338279829127714038e-05,3.000000168063799038e+02,1.997076123952865601e-01
4.749979434661412425e-02,7.341340824496001005e-05,3.000000173970446440e+02,1.996973305940628052e-01
4.917329645779018599e-02,7.341274613281711936e-05,3.000000180084151680e+02,1.996866762638092041e-01
5.090575902036681422e-02,7.341065065702423453e-05,3.000000186412012795e+02,1.996756494045257568e-01
5.269925931575656503e-02,7.339932199101895094e-05,3.000000192960665117e+02,1.996642351150512695e-01
5.455594781168519869e-02,7.340750016737729311e-05,3.000000199739581603e+02,1.996524184942245483e-01
5.647805074067554360e-02,7.341578748309984803e-05,3.000000206756824355e+02,1.996401995420455933e-01
5.846787276937589345e-02,7.340252341236919165e-05,3.000000214018581346e+02,1.996275484561920166e-01
6.052779976193348871e-02,7.341467426158487797e-05,3.000000221535938749e+02,1.996144503355026245e-01
6.266030164072655673e-02,7.343666948145255446e-05,3.000000229318887932e+02,1.996008902788162231e-01
6.486793534788511117e-02,7.341879245359450579e-05,3.000000237372352672e+02,1.995868533849716187e-01
6.715334791115142032e-02,7.342442404478788376e-05,3.000000245708358193e+02,1.995723247528076172e-01
6.951927961775605791e-02,7.341070886468514800e-05,3.000000254334461260e+02,1.995572894811630249e-01
7.196856730011520764e-02,7.341512537095695734e-05,3.000000263262905378e+02,1.995417177677154541e-01
7.450414773728912532e-02,7.341280434047803283e-05,3.000000272503356200e+02,1.995256096124649048e-01
7.712906117627991998e-02,7.340003503486514091e-05,3.000000282065263377e+02,1.995089352130889893e-01
7.984645497739085995e-02,7.341604214161634445e-05,3.000000291963630161e+02,1.994916796684265137e-01
8.265958738801812422e-02,7.341529271798208356e-05,3.000000302207843674e+02,1.994738131761550903e-01
8.557183144940005981e-02,7.342305616475641727e-05,3.000000312811126264e+02,1.994553208351135254e-01
8.858667904100822610e-02,7.342040044022724032e-05,3.000000323784384477e+02,1.994361728429794312e-01
9.170774506742930543e-02,7.341727177845314145e-05,3.000000335140337029e+02,1.994163542985916138e-01
9.493877179275829470e-02,7.343081961153075099e-05,3.000000346894899508e+02,1.993958503007888794e-01
9.828363332770025107e-02,7.339651347137987614e-05,3.000000359053926786e+02,1.993746310472488403e-01
1.017463402747606355e-01,7.341726450249552727e-05,3.000000371640720687e+02,1.993526667356491089e-01
1.053310445370937015e-01,7.343503239098936319e-05,3.000000384669642131e+02,1.993299275636672974e-01
1.090420442967752618e-01,7.341994933085516095e-05,3.000000398149961711e+02,1.993063986301422119e-01
1.128837891684688899e-01,7.341273885685950518e-05,3.000000412098653442e+02,1.992820352315902710e-01
1.168608855346650877e-01,7.342293974943459034e-05,3.000000426535262932e+02,1.992568224668502808e-01
1.209781020688901337e-01,7.342777098529040813e-05,3.000000441475550588e+02,1.992307305335998535e-01
1.252403754535073022e-01,7.344066398218274117e-05,3.000000456938590787e+02,1.992037296295166016e-01
1.296528162989668276e-01,7.341626042034476995e-05,3.000000472934214599e+02,1.991757750511169434e-01
1.342207152716012042e-01,7.341508899116888642e-05,3.000000489485818775e+02,1.991468518972396851e-01
1.389495494373137463e-01,7.340777665376663208e-05,3.000000506611009428e+02,1.991169154644012451e-01
1.438449888287662848e-01,7.341783202718943357e-05,3.000000524333628391e+02,1.990859210491180420e-01
1.489129032439409361e-01,7.341791933868080378e-05,3.000000542671687072e+02,1.990538537502288818e-01
1.541593692842271879e-01,7.342844764934852719e-05,3.000000561648969324e+02,1.990206688642501831e-01
1.595906776404731053e-01,7.343363540712743998e-05,3.000000581285956400e+02,1.989863216876983643e-01
1.652133406357370049e-01,7.342382741626352072e-05,3.000000601600990535e+02,1.989507675170898438e-01
1.710341000337840534e-01,7.341543096117675304e-05,3.000000622617491217e+02,1.989139765501022339e-01
1.770599351226898044e-01,7.343228207901120186e-05,3.000000644366853066e+02,1.988759040832519531e-01
1.832980710832435578e-01,7.344133337028324604e-05,3.000000666871739554e+02,1.988365054130554199e-01
1.897559876521850430e-01,7.344646292040124536e-05,3.000000690156635983e+02,1.987957358360290527e-01
1.964414280906627563e-01,7.342230674112215638e-05,3.000000714238258865e+02,1.987535357475280762e-01
2.033624084686672384e-01,7.342372555285692215e-05,3.000000739152144433e+02,1.987098604440689087e-01
2.105272272765706942e-01,7.343239849433302879e-05,3.000000764929046682e+02,1.986646652221679688e-01
2.179444753752985686e-01,7.339908916037529707e-05,3.000000791582642705e+02,1.986179053783416748e-01
2.256230462970633954e-01,7.342276512645184994e-05,3.000000819163915935e+02,1.985695213079452515e-01
2.335721469090121238e-01,7.342176104430109262e-05,3.000000847694602726e+02,1.985194534063339233e-01
2.418013084525720557e-01,7.343271136051043868e-05,3.000000877211503507e+02,1.984676420688629150e-01
2.503203979717325556e-01,7.343998731812462211e-05,3.000000907746290295e+02,1.984140276908874512e-01
2.591396301439658489e-01,7.344195182668045163e-05,3.000000939330809047e+02,1.983585506677627563e-01
2.682695795279724793e-01,7.341449236264452338e-05,3.000000971986734726e+02,1.983011513948440552e-01
2.777211932429354824e-01,7.343335164478048682e-05,3.000001005771234190e+02,1.982417553663253784e-01
2.875058040944880045e-01,7.341906893998384476e-05,3.000001040705977289e+02,1.981803029775619507e-01
2.976351441631317485e-01,7.344189361901953816e-05,3.000001076847706827e+02,1.981167197227478027e-01
3.081213588714002416e-01,7.344462210312485695e-05,3.000001114226304821e+02,1.980509310960769653e-01
3.189770215466321557e-01,7.343110337387770414e-05,3.000001152873902583e+02,1.979828625917434692e-01
3.302151484968175454e-01,7.343929610215127468e-05,3.000001192844295019e+02,1.979124397039413452e-01
3.418492146175928781e-01,7.345531048486009240e-05,3.000001234185729118e+02,1.978395879268646240e-01
3.538931695490987739e-01,7.342282333411276340e-05,3.000001276914339883e+02,1.977642178535461426e-01
3.663614544020716290e-01,7.344980986090376973e-05,3.000001321111904531e+02,1.976862400770187378e-01
3.792690190732249667e-01,7.344564073719084263e-05,3.000001366806888541e+02,1.976055800914764404e-01
3.926313401706837403e-01,7.341903983615338802e-05,3.000001414032956291e+02,1.975221335887908936e-01
4.064644395709627878e-01,7.345025369431823492e-05,3.000001462879143332e+02,1.974358111619949341e-01
4.207849036297402479e-01,7.345564517891034484e-05,3.000001513380178721e+02,1.973465085029602051e-01
4.356099030694607910e-01,7.343646575463935733e-05,3.000001565571370747e+02,1.972541362047195435e-01
4.509572135676147009e-01,7.341893069678917527e-05,3.000001619507796136e+02,1.971585899591445923e-01
4.668452370703789489e-01,7.343878678511828184e-05,3.000001675274576769e+02,1.970597654581069946e-01
4.832930238571752080e-01,7.343489414779469371e-05,3.000001732911194949e+02,1.969575583934783936e-01
5.003202953826004773e-01,7.343433389905840158e-05,3.000001792479837377e+02,1.968518346548080444e-01
5.179474679231209633e-01,7.343874312937259674e-05,3.000001854046071799e+02,1.967425048351287842e-01
5.361956770568816477e-01,7.343676406890153885e-05,3.000001917667241287e+02,1.966294348239898682e-01
5.550868030059805669e-01,7.346428174059838057e-05,3.000001983435702186e+02,1.965124905109405518e-01
5.746434968715973257e-01,7.343408651649951935e-05,3.000002051363155147e+02,1.963915526866912842e-01
5.948892077934334610e-01,7.343124161707237363e-05,3.000002121543408862e+02,1.962665021419525146e-01
6.158482110660260522e-01,7.343603647314012051e-05,3.000002194054171696e+02,1.961371898651123047e-01
6.375456372456506093e-01,7.344855839619413018e-05,3.000002268975872539e+02,1.960034817457199097e-01
6.600075022827095461e-01,7.345528138102963567e-05,3.000002346376460309e+02,1.958652287721633911e-01
6.832607387157402234e-01,7.344820915022864938e-05,3.000002426315804200e+02,1.957222819328308105e-01
7.073332279644438669e-01,7.344091136474162340e-05,3.000002508870335305e+02,1.955744922161102295e-01
7.322538337604533876e-01,7.345365156652405858e-05,3.000002594143552983e+02,1.954217106103897095e-01
7.580524367559261512e-01,7.345523044932633638e-05,3.000002682203141262e+02,1.952637583017349243e-01
7.847599703514610558e-01,7.344126061070710421e-05,3.000002773111385181e+02,1.951004862785339355e-01
8.124084577862965562e-01,7.343127072090283036e-05,3.000002866957329957e+02,1.949317157268524170e-01
8.410310505352605048e-01,7.346231723204255104e-05,3.000002963885453937e+02,1.947572678327560425e-01
8.706620680585126504e-01,7.345947960857301950e-05,3.000003063937116394e+02,1.945769637823104858e-01
9.013370389517434411e-01,7.345562335103750229e-05,3.000003167200953840e+02,1.943906098604202271e-01
9.330927435461663366e-01,7.345313497353345156e-05,3.000003273771087038e+02,1.941980272531509399e-01
9.659672580093832117e-01,7.347721839323639870e-05,3.000003383785117421e+02,1.939990222454071045e-01
1.000000000000000000e+00,7.347590872086584568e-05,3.000003497298500861e+02,1.937933713197708130e-01
1.035231775930737674e+00,7.347676728386431932e-05,3.000003614412747197e+02,1.935808956623077393e-01
1.071704829896710454e+00,7.346260827034711838e-05,3.000003735200164101e+02,1.933613568544387817e-01
1.109462894327521765e+00,7.347329665208235383e-05,3.000003859807244453e+02,1.931345611810684204e-01
1.148551242423938135e+00,7.345093035837635398e-05,3.000003988273672348e+02,1.929002702236175537e-01
1.189016742441989960e+00,7.347211067099124193e-05,3.000004120789208173e+02,1.926582604646682739e-01
1.230907913889601746e+00,7.349175575654953718e-05,3.000004257459526684e+02,1.924082934856414795e-01
1.274274985703133467e+00,7.347860082518309355e-05,3.000004398323759460e+02,1.921501159667968750e-01
1.319169956473571714e+00,7.347479549935087562e-05,3.000004543509937776e+02,1.918835043907165527e-01
1.365646656794609726e+00,7.347358041442930698e-05,3.000004693133681712e+02,1.916081905364990234e-01
1.413760813807359851e+00,7.347932842094451189e-05,3.000004847322861679e+02,1.913239210844039917e-01
1.463570118019079880e+00,7.347502832999452949e-05,3.000005006165685586e+02,1.910304278135299683e-01
1.515134292476052913e+00,7.348095823545008898e-05,3.000005169801053171e+02,1.907274425029754639e-01
1.568515164373547766e+00,7.351218664553016424e-05,3.000005338411435218e+02,1.904146969318389893e-01
1.623776739188721008e+00,7.348654617089778185e-05,3.000005511959646469e+02,1.900919079780578613e-01
1.680985277425363744e+00,7.348954386543482542e-05,3.000005690638000146e+02,1.897587776184082031e-01
1.740209374062484882e+00,7.349233783315867186e-05,3.000005874561576320e+02,1.894150227308273315e-01
1.801520040802023770e+00,7.350943633355200291e-05,3.000006063889875350e+02,1.890603452920913696e-01
1.864990791214296229e+00,7.350320811383426189e-05,3.000006258667100383e+02,1.886944323778152466e-01
1.930697728883249642e+00,7.350669329753145576e-05,3.000006459038301045e+02,1.883169859647750854e-01
1.998719638657250552e+00,7.351209933403879404e-05,3.000006665124358278e+02,1.879276782274246216e-01
2.069138081114790140e+00,7.349334919126704335e-05,3.000006876953949586e+02,1.875261962413787842e-01
2.142037490358382978e+00,7.351094973273575306e-05,3.000007094766601767e+02,1.871122121810913086e-01
2.217505275253931707e+00,7.351987005677074194e-05,3.000007318643056919e+02,1.866853982210159302e-01
2.295631924236909427e+00,7.352030661422759295e-05,3.000007548659710324e+02,1.862454116344451904e-01
2.376511113811072828e+00,7.351025124080479145e-05,3.000007784879239807e+02,1.857919245958328247e-01
2.460239820869774885e+00,7.351506792474538088e-05,3.000008027463532017e+02,1.853245943784713745e-01
2.546918438974540067e+00,7.351845852099359035e-05,3.000008276506507059e+02,1.848430782556533813e-01
2.636650898730358072e+00,7.352526881732046604e-05,3.000008532119539382e+02,1.843470335006713867e-01
2.729544792402007314e+00,7.351368549279868603e-05,3.000008794309982818e+02,1.838361024856567383e-01
2.825711502920826845e+00,7.353340333793312311e-05,3.000009063311272257e+02,1.833099275827407837e-01
2.925266337436644548e+00,7.352861575782299042e-05,3.000009339088085767e+02,1.827681511640548706e-01
3.028328665574945511e+00,7.353190449066460133e-05,3.000009621755733065e+02,1.822104305028915405e-01
3.135022062565112400e+00,7.355088018812239170e-05,3.000009911467615780e+02,1.816364079713821411e-01
3.245474457411329006e+00,7.353452383540570736e-05,3.000010208096295514e+02,1.810457259416580200e-01
3.359818286283780875e+00,7.354689296334981918e-05,3.000010511854680999e+02,1.804380267858505249e-01
3.478190651314130299e+00,7.354735862463712692e-05,3.000010822722110220e+02,1.798129677772521973e-01
3.600733484985620070e+00,7.355000707320868969e-05,3.000011140748720777e+02,1.791701912879943848e-01
3.727593720314938075e+00,7.354012632276862860e-05,3.000011465882806760e+02,1.785093396902084351e-01
3.858923467029903076e+00,7.354017725447192788e-05,3.000011798202301065e+02,1.778301000595092773e-01
3.994880193954170267e+00,7.354998524533584714e-05,3.000012137778567194e+02,1.771321147680282593e-01
4.135626917817705639e+00,7.353119144681841135e-05,3.000012484407025113e+02,1.764150559902191162e-01
4.281332398719391641e+00,7.354761328315362334e-05,3.000012838316890225e+02,1.756786108016967773e-01
4.432171342476085130e+00,7.354491390287876129e-05,3.000013199336930825e+02,1.749224811792373657e-01
4.588324610100844581e+00,7.356752757914364338e-05,3.000013567615462762e+02,1.741463392972946167e-01
4.749979434661412370e+00,7.354060653597116470e-05,3.000013942698105325e+02,1.733499169349670410e-01
4.917329645779015657e+00,7.357310823863372207e-05,3.000014324990518162e+02,1.725329309701919556e-01
5.090575902036681200e+00,7.353868568316102028e-05,3.000014713830519781e+02,1.716951131820678711e-01
5.269925931575656364e+00,7.357160939136520028e-05,3.000015109691441921e+02,1.708362400531768799e-01
5.455594781168514373e+00,7.355712295975536108e-05,3.000015512014859382e+02,1.699560731649398804e-01
5.647805074067552056e+00,7.355447451118379831e-05,3.000015920754321996e+02,1.690544188022613525e-01
5.846787276937589262e+00,7.355616980930790305e-05,3.000016335778080361e+02,1.681310832500457764e-01
6.052779976193349398e+00,7.354332046816125512e-05,3.000016756742332973e+02,1.671859174966812134e-01
6.266030164072655673e+00,7.354482659138739109e-05,3.000017183576892421e+02,1.662188023328781128e-01
6.486793534788508175e+00,7.355002890108153224e-05,3.000017616084071506e+02,1.652296185493469238e-01
6.715334791115141755e+00,7.354756962740793824e-05,3.000018053916571148e+02,1.642183065414428711e-01
6.951927961775605347e+00,7.355186244240030646e-05,3.000018496866651958e+02,1.631848365068435669e-01
7.196856730011513825e+00,7.354735862463712692e-05,3.000018944518373019e+02,1.621291935443878174e-01
7.450414773728909701e+00,7.352715329034253955e-05,3.000019396334928388e+02,1.610514223575592041e-01
7.712906117627992053e+00,7.354901754297316074e-05,3.000019852496948829e+02,1.599516123533248901e-01
7.984645497739086828e+00,7.353321416303515434e-05,3.000020312119929145e+02,1.588298678398132324e-01
8.265958738801812089e+00,7.352806278504431248e-05,3.000020774933982466e+02,1.576863676309585571e-01
8.557183144940001540e+00,7.353570254053920507e-05,3.000021240686766646e+02,1.565213352441787720e-01
8.858667904100823165e+00,7.353023102041333914e-05,3.000021708724632958e+02,1.553350239992141724e-01
9.170774506742930043e+00,7.352223474299535155e-05,3.000022178519748763e+02,1.541277766227722168e-01
9.493877179275820311e+00,7.351845124503597617e-05,3.000022649626252473e+02,1.528999507427215576e-01
9.828363332770020833e+00,7.351494423346593976e-05,3.000023121514162199e+02,1.516519933938980103e-01
1.017463402747606338e+01,7.350067608058452606e-05,3.000023593440393483e+02,1.503844112157821655e-01
1.053310445370937032e+01,7.347790233325213194e-05,3.000024064668078267e+02,1.490977704524993896e-01
1.090420442967752734e+01,7.347599603235721588e-05,3.000024534975322013e+02,1.477926820516586304e-01
1.128837891684688266e+01,7.346516213146969676e-05,3.000025003576214999e+02,1.464698612689971924e-01
1.168608855346650977e+01,7.347019709413871169e-05,3.000025470150163187e+02,1.451300680637359619e-01
1.209781020688901343e+01,7.346119673456996679e-05,3.000025933767198580e+02,1.437741369009017944e-01
1.252403754535071911e+01,7.344884943449869752e-05,3.000026393694521971e+02,1.424030065536499023e-01
1.296528162989667621e+01,7.341761374846100807e-05,3.000026848842752543e+02,1.410176604986190796e-01
1.342207152716011898e+01,7.341952004935592413e-05,3.000027299279491331e+02,1.396191567182540894e-01
1.389495494373137419e+01,7.341423770412802696e-05,3.000027744160612997e+02,1.382086724042892456e-01
1.438449888287662937e+01,7.340103184105828404e-05,3.000028182613558556e+02,1.367873847484588623e-01
1.489129032439408640e+01,7.339793228311464190e-05,3.000028614215018479e+02,1.353566348552703857e-01
1.541593692842271857e+01,7.338327122852206230e-05,3.000029037994146961e+02,1.339177787303924561e-01
1.595906776404730998e+01,7.337727583944797516e-05,3.000029453524201699e+02,1.324722915887832642e-01
1.652133406357368628e+01,7.336234557442367077e-05,3.000029859910524124e+02,1.310216933488845825e-01
1.710341000337839645e+01,7.333954999921843410e-05,3.000030256296350331e+02,1.295675933361053467e-01
1.770599351226897866e+01,7.333140820264816284e-05,3.000030642516691728e+02,1.281116604804992676e-01
1.832980710832435634e+01,7.330579683184623718e-05,3.000031017452475339e+02,1.266556531190872192e-01
1.897559876521850342e+01,7.329772779485210776e-05,3.000031381124326799e+02,1.252013742923736572e-01
1.964414280906626686e+01,7.328804349526762962e-05,3.000031732972199165e+02,1.237506791949272156e-01
2.033624084686672262e+01,7.329112850129604340e-05,3.000032072971731054e+02,1.223054975271224976e-01
2.105272272765706987e+01,7.325992919504642487e-05,3.000032399472012798e+02,1.208678111433982849e-01
2.179444753752983388e+01,7.325672777369618416e-05,3.000032713139414682e+02,1.194396093487739563e-01
2.256230462970632900e+01,7.323473255382850766e-05,3.000033012928243465e+02,1.180229559540748596e-01
2.335721469090121261e+01,7.322300371015444398e-05,3.000033298982480687e+02,1.166199073195457458e-01
2.418013084525720657e+01,7.318399730138480663e-05,3.000033569970100871e+02,1.152325645089149475e-01
2.503203979717325467e+01,7.319137512240558863e-05,3.000033827733680027e+02,1.138630136847496033e-01
2.591396301439657179e+01,7.316377013921737671e-05,3.000034070628685186e+02,1.125133633613586426e-01
2.682695795279724749e+01,7.314520189538598061e-05,3.000034299057486464e+02,1.111856997013092041e-01
2.777211932429355201e+01,7.312701200135052204e-05,3.000034513084412993e+02,1.098820567131042480e-01
2.875058040944877291e+01,7.311833905987441540e-05,3.000034713285879207e+02,1.086044907569885254e-01
2.976351441631316064e+01,7.310485671041533351e-05,3.000034899578874956e+02,1.073549315333366394e-01
3.081213588714002327e+01,7.308839849429205060e-05,3.000035072037298391e+02,1.061352789402008057e-01
3.189770215466321446e+01,7.309435750357806683e-05,3.000035232173678423e+02,1.049473807215690613e-01
3.302151484968175765e+01,7.306063344003632665e-05,3.000035378060641165e+02,1.037929728627204895e-01
3.418492146175927360e+01,7.304378959815949202e-05,3.000035511135063189e+02,1.026737168431282043e-01
3.538931695490988005e+01,7.304658356588333845e-05,3.000035633038762626e+02,1.015911102294921875e-01
3.663614544020715869e+01,7.301843288587406278e-05,3.000035742283091622e+02,1.005465686321258545e-01
3.792690190732245981e+01,7.300302968360483646e-05,3.000035840281420860e+02,9.954132139682769775e-02
3.926313401706835293e+01,7.299541903194040060e-05,3.000035928129074136e+02,9.857648611068725586e-02
4.064644395709628100e+01,7.298153650481253862e-05,3.000036005959510703e+02,9.765300154685974121e-02
4.207849036297402989e+01,7.297009142348542809e-05,3.000036074566878028e+02,9.677162021398544312e-02
4.356099030694608132e+01,7.295593968592584133e-05,3.000036134371365506e+02,9.593298286199569702e-02
4.509572135676144455e+01,7.295029354281723499e-05,3.000036186671225096e+02,9.513746201992034912e-02
4.668452370703789711e+01,7.293625094462186098e-05,3.000036231388742181e+02,9.438529610633850098e-02
4.832930238571751858e+01,7.294032548088580370e-05,3.000036270661780122e+02,9.367646276950836182e-02
5.003202953825999089e+01,7.291529618669301271e-05,3.000036302500447505e+02,9.301079809665679932e-02
5.179474679231207546e+01,7.290906796697527170e-05,3.000036329299661020e+02,9.238791465759277344e-02
5.361956770568816921e+01,7.289821223821491003e-05,3.000036351162194137e+02,9.180729836225509644e-02
5.550868030059805136e+01,7.290588109754025936e-05,3.000036370389271383e+02,9.126816689968109131e-02
5.746434968715973923e+01,7.289990753633901477e-05,3.000036385949456417e+02,9.076956659555435181e-02
5.948892077934331013e+01,7.287941116373986006e-05,3.000036396832766172e+02,9.031043201684951782e-02
6.158482110660260389e+01,7.287610787898302078e-05,3.000036405472313277e+02,8.988945931196212769e-02
6.375456372456506671e+01,7.286282198037952185e-05,3.000036411100338682e+02,8.950523287057876587e-02
6.600075022827088844e+01,7.287590415216982365e-05,3.000036417131739768e+02,8.915618062019348145e-02
6.832607387157398193e+01,7.285859464900568128e-05,3.000036419960632088e+02,8.884064108133316040e-02
7.073332279644438358e+01,7.286374602699652314e-05,3.000036422828238756e+02,8.855687826871871948e-02
7.322538337604532899e+01,7.286785694304853678e-05,3.000036425594483944e+02,8.830308914184570312e-02
7.580524367559260668e+01,7.285513856913894415e-05,3.000036426103955023e+02,8.807733654975891113e-02
7.847599703514606517e+01,7.284206367330625653e-05,3.000036424749317234e+02,8.787770569324493408e-02
8.124084577862966228e+01,7.285078754648566246e-05,3.000036424927499752e+02,8.770214766263961792e-02
8.410310505352605048e+01,7.284781895577907562e-05,3.000036424636115271e+02,8.754882216453552246e-02
8.706620680585118066e+01,7.284519961103796959e-05,3.000036424032736022e+02,8.741574734449386597e-02
9.013370389517429260e+01,7.284508319571614265e-05,3.000036423575330105e+02,8.730106055736541748e-02
9.330927435461663322e+01,7.284084858838468790e-05,3.000036422574696644e+02,8.720287680625915527e-02
9.659672580093833005e+01,7.283716695383191109e-05,3.000036421262602744e+02,8.711944520473480225e-02
1.000000000000000000e+02,7.284252205863595009e-05,3.000036421262067279e+02,8.704914152622222900e-02
1.035231775930737825e+02,7.283738523256033659e-05,3.000036420356804001e+02,8.699030429124832153e-02
1.071704829896709299e+02,7.284787716343998909e-05,3.000036421663187980e+02,8.694157749414443970e-02
1.109462894327521809e+02,7.283619197551161051e-05,3.000036420316282033e+02,8.690148591995239258e-02
1.148551242423936856e+02,7.282810111064463854e-05,3.000036417867112846e+02,8.686885982751846313e-02
1.189016742441989862e+02,7.283240847755223513e-05,3.000036417194222622e+02,8.684258908033370972e-02
1.230907913889601843e+02,7.283283775905147195e-05,3.000036416869422169e+02,8.682151138782501221e-02
1.274274985703132188e+02,7.284368621185421944e-05,3.000036419026363319e+02,8.680486679077148438e-02
1.319169956473571688e+02,7.282762089744210243e-05,3.000036416684679921e+02,8.679184317588806152e-02
1.365646656794609726e+02,7.282824662979692221e-05,3.000036415494241737e+02,8.678180724382400513e-02
1.413760813807361387e+02,7.285337778739631176e-05,3.000036420880454102e+02,8.677411079406738281e-02
1.463570118019079871e+02,7.283274317160248756e-05,3.000036418634618371e+02,8.676832169294357300e-02
1.515134292476051314e+02,7.283181912498548627e-05,3.000036417229465542e+02,8.676403015851974487e-02
1.568515164373547748e+02,7.283409649971872568e-05,3.000036417132731117e+02,8.676090091466903687e-02
1.623776739188720910e+02,7.282376463990658522e-05,3.000036414231271351e+02,8.675862848758697510e-02
1.680985277425361915e+02,7.283655577339231968e-05,3.000036416546280975e+02,8.675692230463027954e-02
1.740209374062484926e+02,7.284143066499382257e-05,3.000036419015364118e+02,8.675585687160491943e-02
1.801520040802023743e+02,7.283521699719130993e-05,3.000036418152805595e+02,8.675502240657806396e-02
1.864990791214294177e+02,7.283806917257606983e-05,3.000036418712478508e+02,8.675452321767807007e-02
1.930697728883249624e+02,7.283672312041744590e-05,3.000036418481900569e+02,8.675417304039001465e-02
1.998719638657248652e+02,7.283579907380044460e-05,3.000036418085765604e+02,8.675387501716613770e-02
2.069138081114789998e+02,7.283412560354918242e-05,3.000036417365410557e+02,8.675379306077957153e-02
2.142037490358383138e+02,7.283934974111616611e-05,3.000036419048993253e+02,8.675378561019897461e-02
2.217505275253929540e+02,7.283942250069230795e-05,3.000036419548783897e+02,8.675378561019897461e-02
2.295631924236909640e+02,7.283942250069230795e-05,3.000036419675713546e+02,8.675378561019897461e-02
2.376511113811072846e+02,7.283942250069230795e-05,3.000036419704455284e+02,8.675377815961837769e-02
2.460239820869777532e+02,7.283723243745043874e-05,3.000036418793288817e+02,8.675368875265121460e-02
2.546918438974539924e+02,7.284765160875394940e-05,3.000036423155403895e+02,8.675363659858703613e-02
2.636650898730355266e+02,7.284271850949153304e-05,3.000036421543675260e+02,8.675365895032882690e-02
2.729544792402007261e+02,7.285332685569301248e-05,3.000036426299612913e+02,8.675348758697509766e-02
2.825711502920826774e+02,7.283686136361211538e-05,3.000036418732320840e+02,8.675347268581390381e-02
2.925266337436641493e+02,7.283360173460096121e-05,3.000036416809465436e+02,8.675345778465270996e-02
3.028328665574945830e+02,7.284048479050397873e-05,3.000036420347522608e+02,8.675342053174972534e-02
3.135022062565112151e+02,7.282582373591139913e-05,3.000036412414170286e+02,8.675364404916763306e-02
3.245474457411325488e+02,7.284630555659532547e-05,3.000036424275219815e+02,8.675352483987808228e-02
3.359818286283780822e+02,7.283011655090376735e-05,3.000036413736212921e+02,8.675344288349151611e-02
3.478190651314126853e+02,7.283749437192454934e-05,3.000036419667820269e+02,8.675353974103927612e-02
3.600733484985619839e+02,7.283376180566847324e-05,3.000036416252652884e+02,8.675350993871688843e-02
3.727593720314937968e+02,7.284384628292173147e-05,3.000036423446247795e+02,8.675343543291091919e-02
3.858923467029899257e+02,7.283339800778776407e-05,3.000036414585109696e+02,8.675348758697509766e-02
3.994880193954170409e+02,7.283686136361211538e-05,3.000036419813423549e+02,8.675346523523330688e-02
4.135626917817705817e+02,7.284540333785116673e-05,3.000036423878534038e+02,8.675356954336166382e-02
4.281332398719395655e+02,7.283705053851008415e-05,3.000036416078534103e+02,8.675380051136016846e-02
4.432171342476085556e+02,7.283959712367504835e-05,3.000036421689784447e+02,8.675371110439300537e-02
4.588324610100840459e+02,7.284337334567680955e-05,3.000036421684925472e+02,8.675356209278106689e-02
4.749979434661412370e+02,7.283422019099816680e-05,3.000036414289492086e+02,8.675376325845718384e-02
4.917329645779015550e+02,7.283267041202634573e-05,3.000036417712998400e+02,8.675375580787658691e-02
5.090575902036676439e+02,7.283404556801542640e-05,3.000036416517227735e+02,8.675365895032882690e-02
5.269925931575656932e+02,7.285332685569301248e-05,3.000036434714440361e+02,8.675333112478256226e-02
5.455594781168514373e+02,7.283002196345478296e-05,3.000036398131255169e+02,8.675359934568405151e-02
5.647805074067546229e+02,7.284188177436590195e-05,3.000036441973715569e+02,8.675342053174972534e-02
5.846787276937589013e+02,7.282582373591139913e-05,3.000036384145810757e+02,8.675383776426315308e-02
6.052779976193343145e+02,7.283277227543294430e-05,3.000036450558530419e+02,8.675347268581390381e-02
6.266030164072656135e+02,7.283360173460096121e-05,3.000036378570250122e+02,8.675344288349151611e-02
6.486793534788507714e+02,7.283749437192454934e-05,3.000036467266207865e+02,8.675362914800643921e-02
6.715334791115135431e+02,7.284424646059051156e-05,3.000036364095879549e+02,8.675348013639450073e-02
6.951927961775605809e+02,7.283825834747403860e-05,3.000036494300895242e+02,8.675341308116912842e-02
7.196856730011513719e+02,7.283900049515068531e-05,3.000036311092590040e+02,8.675362914800643921e-02
7.450414773728916771e+02,7.284424646059051156e-05,3.000036592619709381e+02,8.675346523523330688e-02
7.712906117627992444e+02,7.284540333785116673e-05,3.000036146599561562e+02,8.675365895032882690e-02
7.984645497739078337e+02,7.285332685569301248e-05,3.000036907643375912e+02,8.675316721200942993e-02
8.265958738801812160e+02,7.284036109922453761e-05,3.000035536345900482e+02,8.675368130207061768e-02
8.557183144940001966e+02,7.284801540663465858e-05,3.000038121433714196e+02,8.675296604633331299e-02
8.858667904100814212e+02,7.284031016752123833e-05,3.000032992337932569e+02,8.675355464220046997e-02
9.170774506742931180e+02,7.283307786565274000e-05,3.000043679495341848e+02,8.675368875265121460e-02
9.493877179275820026e+02,7.284765160875394940e-05,3.000020236233156083e+02,8.675350993871688843e-02
9.828363332770010174e+02,7.284384628292173147e-05,3.000074375125004735e+02,8.675330877304077148e-02
1.017463402747606324e+03,7.283035665750503540e-05,2.999942930953939708e+02,8.675397187471389771e-02
1.053310445370935895e+03,7.284792081918567419e-05,3.000278075732730372e+02,8.675295114517211914e-02
1.090420442967752706e+03,7.284431194420903921e-05,2.999381299367454403e+02,8.675365895032882690e-02
1.128837891684688429e+03,7.285332685569301248e-05,3.001898131297066925e+02,8.675295859575271606e-02
1.168608855346649761e+03,7.284012099262326956e-05,2.994493926303195508e+02,8.675421774387359619e-02
1.209781020688901208e+03,7.283451850526034832e-05,3.017313561708267002e+02,8.675235509872436523e-02
1.252403754535071812e+03,7.284048479050397873e-05,2.943673661476017855e+02,8.675503730773925781e-02
1.296528162989668772e+03,7.283566810656338930e-05,3.192370989792906357e+02,8.675109595060348511e-02
1.342207152716011933e+03,7.283434388227760792e-05,2.900000000000000000e+02,8.675728738307952881e-02
1.389495494373136125e+03,7.283109880518168211e-05,3.373055619665420295e+02,8.674711734056472778e-02
1.438449888287663043e+03,7.284129242179915309e-05,2.900000000000000000e+02,8.676521480083465576e-02
1.489129032439408775e+03,7.284187449840828776e-05,3.406976019710356809e+02,8.673262596130371094e-02
1.541593692842270229e+03,7.284097227966412902e-05,2.900000000000000000e+02,8.679384738206863403e-02
1.595906776404731090e+03,7.284638559212908149e-05,3.443328661216003184e+02,8.666976541280746460e-02
1.652133406357368585e+03,7.284242019522935152e-05,2.900000000000000000e+02,8.693596720695495605e-02
1.710341000337837841e+03,7.284576713573187590e-05,3.482287948646524001e+02,8.633605390787124634e-02
1.770599351226898079e+03,7.283916056621819735e-05,2.900000000000000000e+02,8.775695413351058960e-02
1.832980710832433715e+03,7.285270839929580688e-05,3.524040828605400861e+02,8.422203361988067627e-02
1.897559876521850356e+03,7.282021397259086370e-05,2.900000000000000000e+02,9.345522522926330566e-02
1.964414280906626573e+03,7.292383816093206406e-05,3.568787807836047250e+02,6.815427541732788086e-02
2.033624084686670358e+03,7.261639984790235758e-05,2.900000000000000000e+02,1.408683359622955322e-01
2.105272272765706930e+03,7.342192839132621884e-05,3.616744908197090922e+02,0.000000000000000000e+00
2.179444753752983615e+03,7.226950401673093438e-05,2.900000000000000000e+02,3.636426627635955811e-01
2.256230462970635017e+03,6.379863043548539281e-05,3.668102033330769132e+02,0.000000000000000000e+00
2.335721469090121445e+03,7.226950401673093438e-05,2.900000000000000000e+02,3.897175788879394531e-01
2.418013084525718114e+03,6.034960460965521634e-05,3.723164467678677738e+02,0.000000000000000000e+00
2.503203979717325183e+03,7.226950401673093438e-05,2.900000000000000000e+02,4.176622331142425537e-01
2.591396301439657236e+03,5.579774006037041545e-05,3.782169263835459674e+02,0.000000000000000000e+00
2.682695795279722006e+03,7.226950401673093438e-05,2.900000000000000000e+02,4.476106166839599609e-01
2.777211932429354874e+03,5.014646740164607763e-05,3.845398354015853783e+02,0.000000000000000000e+00
2.875058040944877121e+03,7.226950401673093438e-05,2.900000000000000000e+02,4.797064661979675293e-01
2.976351441631313264e+03,4.284211536287330091e-05,3.913150988042247036e+02,0.000000000000000000e+00
3.081213588714002071e+03,7.226950401673093438e-05,2.900000000000000000e+02,5.141037106513977051e-01
3.189770215466318405e+03,3.370279227965511382e-05,3.985749200595263915e+02,0.000000000000000000e+00
3.302151484968175282e+03,7.226950401673093438e-05,2.900000000000000000e+02,5.509674549102783203e-01
3.418492146175927246e+03,2.227496952400542796e-05,4.063536186311660003e+02,0.000000000000000000e+00
3.538931695490984566e+03,7.226950401673093438e-05,2.900000000000000000e+02,5.904744863510131836e-01
3.663614544020716039e+03,8.056143997237086296e-06,4.146878708446402015e+02,0.000000000000000000e+00
3.792690190732245810e+03,7.226950401673093438e-05,2.900000000000000000e+02,6.328143477439880371e-01
3.926313401706839613e+03,-9.473238606005907059e-06,4.236168817517894922e+02,0.000000000000000000e+00
4.064644395709627588e+03,7.226950401673093438e-05,2.900000000000000000e+02,6.781902313232421875e-01
4.207849036297398015e+03,-3.093593841185793281e-05,4.331824897380628272e+02,0.000000000000000000e+00
4.356099030694607791e+03,7.226950401673093438e-05,2.900000000000000000e+02,7.268196940422058105e-01
4.509572135676144171e+03,-5.700534529751166701e-05,4.434293610448196432e+02,0.000000000000000000e+00
4.668452370703785164e+03,7.226950401673093438e-05,2.900000000000000000e+02,7.789362072944641113e-01
4.832930238571751943e+03,-8.866580901667475700e-05,4.544049500518675586e+02,0.000000000000000000e+00
5.003202953825999430e+03,7.226950401673093438e-05,2.900000000000000000e+02,8.347896933555603027e-01
5.179474679231201662e+03,-1.263750309590250254e-04,4.661603436814258430e+02,0.000000000000000000e+00
5.361956770568816864e+03,7.226950401673093438e-05,2.900000000000000000e+02,8.946481347084045410e-01
5.550868030059799821e+03,-1.711967925075441599e-04,4.787495544825158618e+02,0.000000000000000000e+00
5.746434968715973810e+03,7.226950401673093438e-05,2.900000000000000000e+02,9.587987661361694336e-01
5.948892077934330700e+03,-2.237880253233015537e-04,4.922305718349336985e+02,0.000000000000000000e+00
6.158482110660254875e+03,7.226950401673093438e-05,2.900000000000000000e+02,1.000000000000000000e+00
6.375456372456506870e+03,-2.597685961518436670e-04,5.066924462993125076e+02,0.000000000000000000e+00
6.600075022827088105e+03,7.226950401673093438e-05,2.900000000000000000e+02,1.000000000000000000e+00
6.832607387157405356e+03,-2.597685961518436670e-04,5.222303413011075008e+02,0.000000000000000000e+00
7.073332279644439041e+03,7.226950401673093438e-05,2.900000000000000000e+02,1.000000000000000000e+00
7.322538337604526532e+03,-2.597685961518436670e-04,5.388823784209433825e+02,0.000000000000000000e+00
7.580524367559261009e+03,7.226950401673093438e-05,2.900000000000000000e+02,1.000000000000000000e+00
7.847599703514606517e+03,-2.597685961518436670e-04,5.567284470299059649e+02,0.000000000000000000e+00
8.124084577862957303e+03,7.226950401673093438e-05,2.900000000000000000e+02,1.000000000000000000e+00
8.410310505352605105e+03,-2.597685961518436670e-04,5.758541649528165181e+02,0.000000000000000000e+00
8.706620680585117952e+03,7.226950401673093438e-05,2.900000000000000000e+02,1.000000000000000000e+00
9.013370389517420335e+03,-2.597685961518436670e-04,5.963512892260057470e+02,0.000000000000000000e+00
9.330927435461662753e+03,7.226950401673093438e-05,2.900000000000000000e+02,1.000000000000000000e+00
9.659672580093822035e+03,-2.597685961518436670e-04,6.183181563085951211e+02,0.000000000000000000e+00
1.000000000000000000e+04,7.226950401673093438e-05,2.900000000000000000e+02,1.000000000000000000e+00
