time_s,I_level1_A,I_level2_A,I_level3_A
0.01,4.5808868890120775e-05,-1.7331509297930662e-05,-0.0002257870801256773
0.010472494122981487,4.58088688901188e-05,-1.7331509297929914e-05,-0.00022578708012566757
0.010967313315588178,4.5808868890116736e-05,-1.733150929792913e-05,-0.00022578708012565736
0.01148551242423938,4.580886889011457e-05,-1.733150929792831e-05,-0.00022578708012564668
0.012028196136227775,4.5808868890112305e-05,-1.7331509297927454e-05,-0.00022578708012563554
0.012596521334671401,4.5808868890109926e-05,-1.7331509297926556e-05,-0.00022578708012562383
0.013191699564735716,4.580886889010744e-05,-1.7331509297925614e-05,-0.00022578708012561157
0.013814999616383224,4.580886889010484e-05,-1.733150929792463e-05,-0.00022578708012559873
0.01446775022915648,4.5808868890102106e-05,-1.7331509297923598e-05,-0.00022578708012558528
0.01515134292476053,4.5808868890099254e-05,-1.7331509297922517e-05,-0.00022578708012557122
0.015867234973483177,4.5808868890096265e-05,-1.7331509297921386e-05,-0.00022578708012555647
0.01661695250077689,4.580886889009313e-05,-1.73315092979202e-05,-0.00022578708012554102
0.01740209374062485,4.580886889008985e-05,-1.733150929791896e-05,-0.00022578708012552487
0.018224332442626664,4.580886889008641e-05,-1.733150929791766e-05,-0.00022578708012550793
0.01908542144006686,4.5808868890082814e-05,-1.73315092979163e-05,-0.0002257870801254902
0.019987196386572505,4.580886889007905e-05,-1.7331509297914874e-05,-0.0002257870801254716
0.02093157966932574,4.58088688900751e-05,-1.733150929791338e-05,-0.00022578708012545217
0.021920584507173258,4.580886889007097e-05,-1.7331509297911818e-05,-0.00022578708012543181
0.022956319242369096,4.5808868890066646e-05,-1.733150929791018e-05,-0.00022578708012541048
0.02404099183509972,4.580886889006211e-05,-1.7331509297908467e-05,-0.00022578708012538815
0.02517691457037277,4.580886889005737e-05,-1.733150929790667e-05,-0.00022578708012536476
0.026366508987303583,4.5808868890052396e-05,-1.7331509297904787e-05,-0.00022578708012534023
0.02761231104130753,4.580886889004719e-05,-1.733150929790282e-05,-0.00022578708012531458
0.028916976510202995,4.5808868890041737e-05,-1.733150929790076e-05,-0.00022578708012528772
0.030283286655749458,4.580886889003603e-05,-1.7331509297898597e-05,-0.0002257870801252596
0.03171415415268999,4.5808868890030054e-05,-1.7331509297896334e-05,-0.00022578708012523013
0.03321262929793748,4.580886889002379e-05,-1.7331509297893966e-05,-0.00022578708012519925
0.0347819065131413,4.5808868890017234e-05,-1.7331509297891485e-05,-0.00022578708012516694
0.03642533115449638,4.580886889001037e-05,-1.733150929788889e-05,-0.00022578708012513312
0.03814640664431178,4.580886889000318e-05,-1.733150929788617e-05,-0.00022578708012509766
0.0399488019395417,4.5808868889995644e-05,-1.7331509297883317e-05,-0.00022578708012506053
0.041836359353200195,4.5808868889987764e-05,-1.7331509297880335e-05,-0.0002257870801250217
0.04381310274533306,4.58088688899795e-05,-1.733150929787721e-05,-0.00022578708012498098
0.04588324610100845,4.580886888997085e-05,-1.7331509297873938e-05,-0.00022578708012493834
0.04805120251361242,4.58088688899618e-05,-1.733150929787051e-05,-0.0002257870801248937
0.05032159359259993,4.580886888995231e-05,-1.733150929786692e-05,-0.00022578708012484694
0.052699259315756565,4.5808868889942376e-05,-1.7331509297863164e-05,-0.000225787080124798
0.0551892683469738,4.5808868889931975e-05,-1.7331509297859227e-05,-0.00022578708012474668
0.05779692884153313,4.580886888992108e-05,-1.7331509297855107e-05,-0.00022578708012469298
0.06052779976193349,4.580886888990967e-05,-1.7331509297850787e-05,-0.00022578708012463674
0.06338770272838487,4.580886888989772e-05,-1.7331509297846267e-05,-0.00022578708012457787
0.06638273442923082,4.5808868889885205e-05,-1.7331509297841534e-05,-0.00022578708012451618
0.06951927961775606,4.58088688898721e-05,-1.7331509297836577e-05,-0.0002257870801244516
0.0728040247230857,4.580886888985838e-05,-1.7331509297831383e-05,-0.00022578708012438393
0.07624397210419138,4.5808868889844005e-05,-1.7331509297825945e-05,-0.0002257870801243131
0.07984645497739086,4.5808868889828955e-05,-1.733150929782025e-05,-0.00022578708012423892
0.08361915304916318,4.580886888981319e-05,-1.7331509297814287e-05,-0.0002257870801241612
0.08757010888760508,4.5808868889796687e-05,-1.7331509297808042e-05,-0.00022578708012407987
0.0917077450674293,4.58088688897794e-05,-1.7331509297801503e-05,-0.00022578708012399468
0.0960408821250538,4.5808868889761294e-05,-1.7331509297794653e-05,-0.00022578708012390542
0.10057875736205836,4.5808868889742334e-05,-1.733150929778748e-05,-0.000225787080123812
0.1053310445370937,4.580886888972248e-05,-1.7331509297779965e-05,-0.0002257870801237141
0.1103078744882215,4.580886888970168e-05,-1.7331509297772098e-05,-0.0002257870801236116
0.11551985672964793,4.5808868889679904e-05,-1.7331509297763858e-05,-0.00022578708012350427
0.12097810206889013,4.58088688896571e-05,-1.733150929775523e-05,-0.00022578708012339186
0.12669424629259063,4.5808868889633216e-05,-1.7331509297746196e-05,-0.00022578708012327414
0.13268047497147245,4.580886888960821e-05,-1.7331509297736732e-05,-0.0002257870801231509
0.13894954943731375,4.5808868889582015e-05,-1.7331509297726826e-05,-0.0002257870801230218
0.14551483398731938,4.5808868889554584e-05,-1.7331509297716444e-05,-0.0002257870801228866
0.1523903243738829,4.580886888952586e-05,-1.733150929770558e-05,-0.000225787080122745
0.1595906776404731,4.580886888949578e-05,-1.7331509297694194e-05,-0.00022578708012259673
0.16713124336724874,4.580886888946427e-05,-1.7331509297682275e-05,-0.00022578708012244145
0.17502809639301012,4.5808868889431277e-05,-1.7331509297669793e-05,-0.0002257870801222788
0.18329807108324356,4.5808868889396724e-05,-1.733150929765672e-05,-0.0002257870801221085
0.1919587972173111,4.580886888936054e-05,-1.733150929764303e-05,-0.00022578708012193017
0.20102873757128856,4.580886888932264e-05,-1.7331509297628692e-05,-0.00022578708012174336
0.2105272272765707,4.580886888928296e-05,-1.7331509297613676e-05,-0.00022578708012154777
0.22047451503814744,4.58088688892414e-05,-1.733150929759795e-05,-0.0002257870801213429
0.23089180630041925,4.580886888919787e-05,-1.7331509297581485e-05,-0.0002257870801211284
0.24180130845257206,4.580886888915229e-05,-1.733150929756424e-05,-0.00022578708012090372
0.25322627816987947,4.580886888910456e-05,-1.733150929754618e-05,-0.00022578708012066845
0.2651910709918538,4.580886888905457e-05,-1.7331509297527268e-05,-0.00022578708012042207
0.2777211932429355,4.580886888900222e-05,-1.733150929750746e-05,-0.00022578708012016403
0.2908433564064048,4.580886888894739e-05,-1.7331509297486715e-05,-0.0002257870801198938
0.3045855340674284,4.5808868888889975e-05,-1.7331509297464994e-05,-0.00022578708011961081
0.31897702154663216,4.580886888882985e-05,-1.7331509297442246e-05,-0.00022578708011931445
0.33404849835132444,4.580886888876688e-05,-1.733150929741842e-05,-0.00022578708011900404
0.3498320935775036,4.580886888870093e-05,-1.733150929739347e-05,-0.00022578708011867902
0.36636145440207163,4.5808868888631874e-05,-1.733150929736734e-05,-0.00022578708011833864
0.38367181781126447,4.5808868888559544e-05,-1.733150929733998e-05,-0.00022578708011798215
0.40180008571820913,4.5808868888483806e-05,-1.7331509297311322e-05,-0.00022578708011760883
0.42078490362974025,4.580886888840448e-05,-1.7331509297281313e-05,-0.00022578708011721787
0.4406667430301786,4.580886888832142e-05,-1.7331509297249885e-05,-0.00022578708011680845
0.4614879876576939,4.5808868888234426e-05,-1.7331509297216973e-05,-0.00022578708011637967
0.4832930238571752,4.580886888814332e-05,-1.7331509297182502e-05,-0.0002257870801159306
0.5061283352022219,4.5808868888047916e-05,-1.7331509297146405e-05,-0.00022578708011546038
0.5300426015879672,4.5808868887948e-05,-1.7331509297108603e-05,-0.0002257870801149679
0.5550868030059806,4.580886888784336e-05,-1.7331509297069016e-05,-0.00022578708011445215
0.5813143282224713,4.580886888773378e-05,-1.7331509297027556e-05,-0.00022578708011391203
0.6087810885914762,4.5808868887619026e-05,-1.7331509296984137e-05,-0.0002257870801133464
0.6375456372456506,4.580886888749884e-05,-1.7331509296938668e-05,-0.00022578708011275405
0.6676692939187563,4.580886888737298e-05,-1.7331509296891048e-05,-0.0002257870801121337
0.6992162756659375,4.580886888724118e-05,-1.733150929684118e-05,-0.00022578708011148407
0.7322538337604534,4.580886888710314e-05,-1.7331509296788957e-05,-0.0002257870801108037
0.766852397058701,4.580886888695859e-05,-1.7331509296734266e-05,-0.00022578708011009122
0.8030857221391512,4.58088688868072e-05,-1.733150929667699e-05,-0.00022578708010934502
0.8410310505352605,4.5808868886648665e-05,-1.733150929661701e-05,-0.00022578708010856363
0.8807692733975462,4.580886888648263e-05,-1.7331509296554193e-05,-0.00022578708010774528
0.9223851039358476,4.580886888630876e-05,-1.733150929648841e-05,-0.00022578708010688827
0.9659672580093832,4.580886888612667e-05,-1.7331509296419515e-05,-0.00022578708010599077
1.0116086432495808,4.580886888593598e-05,-1.7331509296347368e-05,-0.00022578708010505085
1.059406557118851,4.5808868885736275e-05,-1.733150929627181e-05,-0.00022578708010406653
1.1094628943275218,4.580886888552713e-05,-1.7331509296192683e-05,-0.00022578708010303572
1.1618843640511003,4.580886888530812e-05,-1.733150929610982e-05,-0.00022578708010195618
1.216782717410923,4.580886888507875e-05,-1.733150929602304e-05,-0.00022578708010082566
1.2742749857031335,4.5808868884838535e-05,-1.7331509295932156e-05,-0.00022578708009964168
1.3344837298838383,4.580886888458698e-05,-1.7331509295836983e-05,-0.00022578708009840181
1.3975373018422912,4.580886888432354e-05,-1.733150929573731e-05,-0.00022578708009710332
1.4635701180190799,4.580886888404765e-05,-1.733150929563293e-05,-0.00022578708009574349
1.5327229459526135,4.5808868883758724e-05,-1.7331509295523615e-05,-0.0002257870800943194
1.6051432043647615,4.5808868883456144e-05,-1.7331509295409137e-05,-0.000225787080092828
1.6809852774253637,4.580886888313927e-05,-1.733150929528925e-05,-0.0002257870800912662
1.7604108438655526,4.5808868882807425e-05,-1.7331509295163697e-05,-0.00022578708008963054
1.843589221641488,4.58088688824599e-05,-1.7331509295032214e-05,-0.00022578708008791763
1.9306977288832496,4.580886888209596e-05,-1.7331509294894517e-05,-0.0002257870800861238
2.0219220618983536,4.5808868881714806e-05,-1.7331509294750315e-05,-0.00022578708008424517
2.117456691035712,4.580886888131566e-05,-1.73315092945993e-05,-0.0002257870800822778
2.2175052752539317,4.580886888089765e-05,-1.7331509294441144e-05,-0.00022578708008021747
2.3222810962777247,4.580886888045989e-05,-1.7331509294275522e-05,-0.0002257870800780598
2.4320075132679473,4.580886888000144e-05,-1.733150929410207e-05,-0.00022578708007580016
2.54691843897454,4.580886887952134e-05,-1.7331509293920426e-05,-0.00022578708007343378
2.667258838387405,4.5808868879018545e-05,-1.73315092937302e-05,-0.00022578708007095556
2.793285250948253,4.5808868878491995e-05,-1.733150929353098e-05,-0.00022578708006836025
2.9252663374366445,4.580886887794057e-05,-1.7331509293322353e-05,-0.00022578708006564232
3.063483452696084,4.580886887736309e-05,-1.7331509293103865e-05,-0.000225787080062796
3.2082312454210773,4.580886887675832e-05,-1.7331509292875055e-05,-0.00022578708005981514
3.359818286283781,4.580886887612497e-05,-1.7331509292635433e-05,-0.00022578708005669345
3.518567725739263,4.580886887546171e-05,-1.733150929238449e-05,-0.00022578708005342428
3.6848179829116767,4.58088688747671e-05,-1.733150929212169e-05,-0.00022578708005000067
3.858923467029903,4.580886887403968e-05,-1.7331509291846472e-05,-0.00022578708004641524
4.0412553329506,4.580886887327788e-05,-1.733150929155825e-05,-0.00022578708004266043
4.232202272379276,4.580886887248009e-05,-1.7331509291256412e-05,-0.0002257870800387282
4.432171342476085,4.58088688716446e-05,-1.7331509290940313e-05,-0.00022578708003461018
4.6415888336127775,4.580886887076964e-05,-1.7331509290609275e-05,-0.00022578708003029757
4.86090117813063,4.5808868869853336e-05,-1.73315092902626e-05,-0.00022578708002578122
5.090575902036681,4.5808868868893736e-05,-1.7331509289899536e-05,-0.00022578708002105144
5.331102621667033,4.5808868867888796e-05,-1.7331509289519324e-05,-0.0002257870800160982
5.58299408744192,4.5808868866836375e-05,-1.7331509289121147e-05,-0.00022578708001091093
5.846787276937589,4.580886886573423e-05,-1.733150928870416e-05,-0.00022578708000547859
6.123044539605184,4.580886886458e-05,-1.7331509288267463e-05,-0.0002257870799997895
6.412354795576917,4.5808868863371244e-05,-1.7331509287810137e-05,-0.00022578707999383165
6.715334791115142,4.580886886210537e-05,-1.73315092873312e-05,-0.0002257870799875923
7.032630413380644,4.580886886077968e-05,-1.7331509286829635e-05,-0.00022578707998105815
7.364918067322965,4.580886885939136e-05,-1.7331509286304373e-05,-0.00022578707997421524
7.712906117627992,4.580886885793744e-05,-1.733150928575429e-05,-0.000225787079967049
8.07733639879671,4.580886885641482e-05,-1.7331509285178215e-05,-0.0002257870799595442
8.4589857965743,4.580886885482026e-05,-1.733150928457492e-05,-0.00022578707995168476
8.858667904100823,4.580886885315036e-05,-1.7331509283943126e-05,-0.000225787079943454
9.27723475631406,4.580886885140156e-05,-1.7331509283281475e-05,-0.00022578707993483433
9.715578646301857,4.580886884957012e-05,-1.7331509282588565e-05,-0.00022578707992580737
10.174634027476063,4.580886884765215e-05,-1.733150928186291e-05,-0.00022578707991635391
10.655379505623053,4.5808868845643556e-05,-1.7331509281102974e-05,-0.00022578707990645377
11.15883992507748,4.580886884354006e-05,-1.733150928030713e-05,-0.00022578707989608587
11.68608855346651,4.580886884133718e-05,-1.733150927947368e-05,-0.00022578707988522807
12.238249369681924,4.58088688390302e-05,-1.733150927860085e-05,-0.00022578707987385726
12.816499459957583,4.580886883661423e-05,-1.733150927768678e-05,-0.00022578707986194916
13.422071527160119,4.5808868834084104e-05,-1.7331509276729523e-05,-0.00022578707984947845
14.05625651864215,4.580886883143443e-05,-1.7331509275727035e-05,-0.00022578707983641848
14.720406378260014,4.580886882865956e-05,-1.7331509274677182e-05,-0.00022578707982274146
15.415936928422719,4.580886882575358e-05,-1.733150927357772e-05,-0.00022578707980841817
16.14433088831602,4.5808868822710295e-05,-1.733150927242631e-05,-0.00022578707979341813
16.9071410347358,4.5808868819523215e-05,-1.7331509271220498e-05,-0.00022578707977770934
17.70599351226898,4.5808868816185546e-05,-1.733150926995771e-05,-0.00022578707976125833
18.542591299878524,4.580886881269018e-05,-1.7331509268635262e-05,-0.00022578707974403004
19.418717841282547,4.5808868809029656e-05,-1.7331509267250323e-05,-0.0002257870797259877
20.336240846866723,4.5808868805196174e-05,-1.7331509265799948e-05,-0.00022578707970709287
21.29711627523478,4.5808868801181557e-05,-1.7331509264281045e-05,-0.00022578707968730526
22.303392502884964,4.580886879697726e-05,-1.733150926269037e-05,-0.00022578707966658274
23.357214690901213,4.580886879257431e-05,-1.7331509261024542e-05,-0.00022578707964488105
24.46082935796798,4.580886878796332e-05,-1.7331509259280003e-05,-0.00022578707962215397
25.616589169457267,4.580886878313447e-05,-1.7331509257453035e-05,-0.00022578707959835308
26.826957952797247,4.580886877807745e-05,-1.7331509255539743e-05,-0.00022578707957342757
28.094515949814063,4.58088687727815e-05,-1.7331509253536053e-05,-0.00022578707954732437
29.421965317243743,4.5808868767235315e-05,-1.7331509251437688e-05,-0.00022578707951998782
30.812135887140023,4.5808868761427075e-05,-1.7331509249240173e-05,-0.00022578707949135962
32.26799119945808,4.5808868755344396e-05,-1.7331509246938832e-05,-0.00022578707946137875
33.79263481967431,4.580886874897432e-05,-1.733150924452875e-05,-0.0002257870794299813
35.38931695490988,4.580886874230326e-05,-1.7331509242004794e-05,-0.00022578707939710033
37.06144138266228,4.580886873531699e-05,-1.7331509239361583e-05,-0.00022578707936266577
38.81257270691536,4.580886872800063e-05,-1.733150923659348e-05,-0.00022578707932660418
40.64644395709628,4.580886872033857e-05,-1.7331509233694587e-05,-0.0002257870792888387
42.566964546078715,4.580886871231449e-05,-1.7331509230658726e-05,-0.00022578707924928888
44.578228604197065,4.5808868703911274e-05,-1.733150922747942e-05,-0.0002257870792078703
46.6845237070379,4.580886869511101e-05,-1.733150922414989e-05,-0.00022578707916449473
48.89034001561443,4.580886868589494e-05,-1.7331509220663046e-05,-0.0002257870791190697
51.20037984840887,4.580886867624341e-05,-1.733150921701145e-05,-0.00022578707907149834
53.61956770568817,4.580886866613586e-05,-1.7331509213187317e-05,-0.00022578707902167928
56.153060767462726,4.5808868655550735e-05,-1.7331509209182497e-05,-0.00022578707896950628
58.80625988746757,4.580886864446546e-05,-1.733150920498845e-05,-0.00022578707891486816
61.584821106602604,4.580886863285642e-05,-1.733150920059624e-05,-0.0002257870788576484
64.4946677103762,4.580886862069885e-05,-1.7331509195996498e-05,-0.00022578707879772504
67.54200285605587,4.580886860796685e-05,-1.7331509191179425e-05,-0.00022578707873497036
70.73332279644438,4.5808868594633264e-05,-1.7331509186134744e-05,-0.00022578707866925053
74.07543072847163,4.580886858066968e-05,-1.7331509180851705e-05,-0.0002257870786004255
77.57545129612413,4.580886856604633e-05,-1.7331509175319045e-05,-0.00022578707852834854
81.24084577862966,4.580886855073203e-05,-1.7331509169524974e-05,-0.00022578707845286595
85.07942799627445,4.5808868534694136e-05,-1.7331509163457135e-05,-0.00022578707837381687
89.09938096776106,4.5808868517898455e-05,-1.7331509157102592e-05,-0.00022578707829103275
93.30927435461663,4.58088685003092e-05,-1.73315091504478e-05,-0.00022578707820433716
97.71808272983898,4.5808868481888855e-05,-1.7331509143478575e-05,-0.00022578707811354523
102.33520470972576,4.580886846259816e-05,-1.7331509136180058e-05,-0.00022578707801846343
107.17048298967093,4.5808868442396e-05,-1.733150912853669e-05,-0.0002257870779188891
112.23422532664173,4.580886842123929e-05,-1.7331509120532178e-05,-0.00022578707781460992
117.53722651306367,4.580886839908294e-05,-1.7331509112149456e-05,-0.0002257870777054036
123.09079138896018,4.5808868375879714e-05,-1.7331509103370657e-05,-0.00022578707759103738
128.90675894140244,4.5808868351580154e-05,-1.7331509094177063e-05,-0.0002257870774712674
134.99752754264296,4.580886832613245e-05,-1.733150908454908e-05,-0.00022578707734583836
141.37608138073614,4.580886829948236e-05,-1.733150907446618e-05,-0.00022578707721448288
148.05601813899102,4.580886827157307e-05,-1.7331509063906863e-05,-0.0002257870770769209
155.0515779832622,4.5808868242345085e-05,-1.733150905284863e-05,-0.00022578707693285925
162.3776739188721,4.5808868211736085e-05,-1.7331509041267906e-05,-0.00022578707678199076
170.0499235818794,4.5808868179680835e-05,-1.7331509029139993e-05,-0.0002257870766239938
178.08468253246812,4.5808868146110995e-05,-1.7331509016439046e-05,-0.00022578707645853162
186.49907912142942,4.5808868110954994e-05,-1.7331509003137986e-05,-0.0002257870762852514
195.3110510040631,4.58088680741379e-05,-1.733150898920846e-05,-0.0002257870761037838
204.53938337933903,4.580886803558121e-05,-1.733150897462077e-05,-0.00022578707591374198
214.2037490358383,4.5808867995202744e-05,-1.733150895934382e-05,-0.00022578707571472076
224.32475028984157,4.580886795291642e-05,-1.7331508943345042e-05,-0.00022578707550629593
234.9239629049658,4.5808867908632094e-05,-1.7331508926590337e-05,-0.00022578707528802316
246.02398208697775,4.580886786225535e-05,-1.7331508909043975e-05,-0.0002257870750594371
257.64847065183744,4.5808867813687345e-05,-1.7331508890668565e-05,-0.00022578707482005052
269.82220946965333,4.580886776282453e-05,-1.733150887142492e-05,-0.00022578707456935305
282.5711502920827,4.580886770955847e-05,-1.733150885127203e-05,-0.00022578707430681027
295.9224710757957,4.5808867653775615e-05,-1.7331508830166926e-05,-0.00022578707403186248
309.9046339199427,4.580886759535706e-05,-1.7331508808064617e-05,-0.0002257870737439236
324.54744574113255,4.580886753417826e-05,-1.733150878491799e-05,-0.00022578707344237975
339.8821218152667,4.5808867470108806e-05,-1.7331508760677695e-05,-0.00022578707312658814
355.9413523216862,4.58088674030121e-05,-1.733150873529206e-05,-0.00022578707279587555
372.7593720314938,4.580886733274512e-05,-1.733150870870697e-05,-0.00022578707244953704
390.37203328860846,4.580886725915806e-05,-1.733150868086575e-05,-0.0002257870720868342
408.81688243912896,4.5808867182094056e-05,-1.733150865170905e-05,-0.00022578707170699386
428.13323987193957,4.5808867101388825e-05,-1.7331508621174716e-05,-0.0002257870713092063
448.36228384119056,4.580886701687032e-05,-1.7331508589197646e-05,-0.00022578707089262348
469.5471382493421,4.5808866928358364e-05,-1.733150855570968e-05,-0.0002257870704563574
491.73296457790156,4.5808866835664276e-05,-1.7331508520639433e-05,-0.000225787069999478
514.9670581618343,4.580886673859044e-05,-1.7331508483912132e-05,-0.00022578706952101131
539.298949012887,4.580886663692992e-05,-1.7331508445449487e-05,-0.00022578706901993736
564.7805074067546,4.5808866530466006e-05,-1.7331508405169506e-05,-0.00022578706849518795
591.4660544591745,4.580886641897174e-05,-1.7331508362986324e-05,-0.00022578706794564447
619.412477926676,4.5808866302209424e-05,-1.7331508318810005e-05,-0.00022578706737013535
648.6793534788508,4.580886617993016e-05,-1.7331508272546383e-05,-0.00022578706676743378
679.3290717006688,4.5808866051873275e-05,-1.7331508224096834e-05,-0.00022578706613625492
711.4269710955731,4.580886591776578e-05,-1.7331508173358073e-05,-0.00022578706547525323
745.0414773728917,4.580886577732179e-05,-1.7331508120221934e-05,-0.00022578706478301958
780.2442493165045,4.58088656302419e-05,-1.7331508064575146e-05,-0.00022578706405807834
817.1103315457186,4.580886547621256e-05,-1.7331508006299076e-05,-0.000225787063298884
855.7183144940002,4.580886531490544e-05,-1.7331507945269498e-05,-0.00022578706250381823
896.150501946605,4.580886514597665e-05,-1.733150788135631e-05,-0.00022578706167118603
938.4930864942721,4.580886496906607e-05,-1.733150781442326e-05,-0.00022578706079921248
982.836333277001,4.5808864783796574e-05,-1.7331507744327662e-05,-0.00022578705988603867
1029.2747724096077,4.580886458977321e-05,-1.733150767092009e-05,-0.00022578705892971796
1077.9074004992735,4.580886438658235e-05,-1.7331507594044054e-05,-0.00022578705792821168
1128.8378916846884,4.580886417379084e-05,-1.733150751353567e-05,-0.00022578705687938477
1182.1748186466698,4.580886395094506e-05,-1.7331507429223315e-05,-0.00022578705578100145
1238.0318840613968,4.580886371756995e-05,-1.733150734092725e-05,-0.00022578705463072017
1296.5281629896688,4.580886347316801e-05,-1.7331507248459247e-05,-0.00022578705342608877
1357.7883567189276,4.580886321721821e-05,-1.7331507151622185e-05,-0.00022578705216453926
1421.9430585991647,4.580886294917494e-05,-1.733150705020963e-05,-0.00022578705084338226
1489.1290324394088,4.5808862668466785e-05,-1.7331506944005394e-05,-0.0002257870494598014
1559.489504058283,4.580886237449534e-05,-1.733150683278307e-05,-0.00022578704801084717
1633.1744666101667,4.580886206663392e-05,-1.7331506716305556e-05,-0.00022578704649343069
1710.3410003378378,4.580886174422622e-05,-1.7331506594324548e-05,-0.0002257870449043172
1791.1536074332303,4.580886140658496e-05,-1.7331506466580013e-05,-0.00022578704324011906
1875.7845627201611,4.580886105299034e-05,-1.7331506332799622e-05,-0.00022578704149728851
1964.4142809066266,4.58088606826886e-05,-1.7331506192698188e-05,-0.00022578703967211027
2057.231701189553,4.580886029489031e-05,-1.7331506045977048e-05,-0.00022578703776069347
2154.4346900318824,4.580885988876879e-05,-1.7331505892323418e-05,-0.00022578703575896333
2256.230462970635,4.580885946345827e-05,-1.7331505731409747e-05,-0.00022578703366265266
2362.8360263551754,4.580885901805208e-05,-1.7331505562893003e-05,-0.00022578703146729258
2474.4786399573477,4.580885855160071e-05,-1.733150538641394e-05,-0.000225787029168203
2591.3963014396572,4.5808858063109795e-05,-1.7331505201596347e-05,-0.00022578702676048285
2713.83825371428,4.5808857551537986e-05,-1.7331505008046236e-05,-0.00022578702423899937
2842.065516274511,4.58088570157947e-05,-1.7331504805350997e-05,-0.00022578702159837727
2976.3514416313133,4.580885645473788e-05,-1.733150459307853e-05,-0.0002257870188329874
3116.9822980411436,4.580885586717145e-05,-1.733150437077632e-05,-0.0002257870159369345
3264.2578797673236,4.580885525184287e-05,-1.733150413797046e-05,-0.00022578701290404486
3418.4921461759272,4.580885460744038e-05,-1.7331503894164662e-05,-0.00022578700972785302
3580.013891028573,4.580885393259026e-05,-1.733150363883919e-05,-0.00022578700640158797
3749.1674433988856,4.580885322585388e-05,-1.733150337144974e-05,-0.00022578700291815896
3926.3134017068396,4.5808852485724636e-05,-1.7331503091426307e-05,-0.00022578699927014003
4111.829402435828,4.580885171062473e-05,-1.733150279817193e-05,-0.00022578699544975437
4306.110925171165,4.580885089890182e-05,-1.7331502491061463e-05,-0.00022578699144885784
4509.572135676144,4.5808850048825504e-05,-1.7331502169440214e-05,-0.00022578698725892138
4722.646768802954,4.580884915858359e-05,-1.7331501832622556e-05,-0.00022578698287101294
4945.789053120639,4.580884822627829e-05,-1.7331501479890468e-05,-0.00022578697827577854
5179.474679231202,4.580884724992213e-05,-1.7331501110492003e-05,-0.00022578697346342205
5424.2018138380245,4.580884622743375e-05,-1.7331500723639686e-05,-0.0002257869684236847
5680.492161728429,4.5808845156633404e-05,-1.7331500318508835e-05,-0.00022578696314582284
5948.892077934331,4.58088440352384e-05,-1.7331499894235802e-05,-0.00022578695761858524
6229.973732441835,4.580884286085818e-05,-1.7331499449916125e-05,-0.00022578695183018906
6524.336329932622,4.580884163098921e-05,-1.7331498984602617e-05,-0.0002257869457682947
6832.607387157405,4.5808840343009696e-05,-1.7331498497303333e-05,-0.00022578693941997961
7155.444070664575,4.580883899417394e-05,-1.733149798697946e-05,-0.00022578693277171052
7493.534597735741,4.580883758160653e-05,-1.7331497452543097e-05,-0.00022578692580931483
7847.5997035146065,4.580883610229618e-05,-1.733149689285495e-05,-0.00022578691851795027
8218.394177456807,4.580883455308935e-05,-1.7331496306721886e-05,-0.00022578691088207328
8606.708472376158,4.5808832930683456e-05,-1.7331495692894402e-05,-0.00022578690288540588
9013.37038951742,4.58088312316199e-05,-1.733149505006395e-05,-0.0002257868945109009
9439.246843247663,4.580882945227666e-05,-1.7331494376860166e-05,-0.00022578688574070586
9885.245709128281,4.5808827588860566e-05,-1.7331493671847925e-05,-0.00022578687655612462
10352.317759307378,4.580882563739924e-05,-1.73314929335243e-05,-0.0002257868669375777
10841.458689358327,4.580882359373261e-05,-1.7331492160315354e-05,-0.00022578685686456054
11353.711240885177,4.580882145350402e-05,-1.733149135057277e-05,-0.00022578684631559972
11890.167424419898,4.5808819212150995e-05,-1.733149050257037e-05,-0.0002257868352682072
12451.97084735032,4.580881686489548e-05,-1.7331489614500402e-05,-0.0002257868236988325
13040.319151841288,4.5808814406733647e-05,-1.73314886844697e-05,-0.00022578681158281228
13656.466567946096,4.580881183242525e-05,-1.733148771049564e-05,-0.00022578679889431787
14301.72658735088,4.580880913648246e-05,-1.7331486690501943e-05,-0.00022578678560630037
14977.474763452,4.580880631315812e-05,-1.7331485622314206e-05,-0.00022578677169043267
15685.151643735446,4.5808803356433554e-05,-1.7331484503655295e-05,-0.00022578675711704932
16426.265840709304,4.580880026000569e-05,-1.7331483332140486e-05,-0.00022578674185508318
17202.39724793599,4.580879701727365e-05,-1.7331482105272374e-05,-0.00022578672587199924
18015.20040802024,4.580879362132469e-05,-1.733148082043556e-05,-0.00022578670913372517
18866.408039732545,4.580879006491939e-05,-1.7331479474891066e-05,-0.00022578669160457882
19757.834731786996,4.5808786340476334e-05,-1.7331478065770494e-05,-0.00022578667324719205
20691.3808111479,4.5808782440055854e-05,-1.7331476590069927e-05,-0.00022578665402243114
21669.03639411181,4.580877835534315e-05,-1.733147504464351e-05,-0.00022578663388931336
22692.885628800763,4.580877407763057e-05,-1.733147342619675e-05,-0.0002257866128049195
23765.11113811073,4.5808769597799014e-05,-1.7331471731279494e-05,-0.00022578659072430255
24887.998672586673,4.580876490629852e-05,-1.7331469956278575e-05,-0.00022578656760039172
26063.94198314347,4.5808759993127884e-05,-1.7331468097410094e-05,-0.00022578654338389225
27295.447924020016,4.5808754847813405e-05,-1.733146615071139e-05,-0.0002257865180231802
28585.141796844713,4.580874945938645e-05,-1.7331464112032545e-05,-0.00022578649146419243
29935.772947204903,4.5808743816360175e-05,-1.7331461977027583e-05,-0.00022578646365031149
31350.220625651124,4.580873790670497e-05,-1.7331459741145175e-05,-0.00022578643452224467
32831.5001256304,4.580873171782285e-05,-1.7331457399618944e-05,-0.00022578640401789784
34382.76921143307,4.580872523652057e-05,-1.7331454947457315e-05,-0.00022578637207224295
36007.334849856205,4.580871844898156e-05,-1.733145237943286e-05,-0.00022578633861717953
37708.66025993451,4.5808711340736395e-05,-1.7331449690071168e-05,-0.0002257863035813893
39490.37229576694,4.580870389663201e-05,-1.7331446873639164e-05,-0.00022578626689018441
41356.26917817706,4.5808696100799357e-05,-1.7331443924132894e-05,-0.00022578622846534805
43310.32859169001,4.580868793661962e-05,-1.7331440835264723e-05,-0.0002257861882249678
45356.716164087025,4.5808679386688745e-05,-1.7331437600449936e-05,-0.00022578614608326087
47499.79434661403,4.580867043278038e-05,-1.7331434212792702e-05,-0.0002257861019503915
49744.13171377451,4.5808661055806976e-05,-1.733143066507136e-05,-0.00022578605573227923
52094.51270253211,4.580865123577915e-05,-1.7331426949723054e-05,-0.00022578600733039848
54555.947811685146,4.580864095176304e-05,-1.7331423058827574e-05,-0.00022578595664156842
57133.68428315568,4.5808630181835676e-05,-1.7331418984090506e-05,-0.00022578590355773313
59833.21728796282,4.5808618903038294e-05,-1.733141471682553e-05,-0.0002257858479657312
62660.30164072656,4.580860709132734e-05,-1.733141024793592e-05,-0.0002257857897470545
65620.96406767555,4.580859472152326e-05,-1.7331405567895142e-05,-0.00022578572877759567
68721.51605431108,4.580858176725678e-05,-1.733140066672654e-05,-0.00022578566492738338
71968.56730011514,4.5808568200912745e-05,-1.7331395533982083e-05,-0.00022578559806030543
75369.03980898541,4.580855399357124e-05,-1.73313901587201e-05,-0.00022578552803381857
78930.18264543568,4.580853911494592e-05,-1.7331384529481936e-05,-0.00022578545469864464
82659.58738801796,4.5808523533319486e-05,-1.733137863426754e-05,-0.0002257853778984524
86565.20431290935,4.580850721547603e-05,-1.733137246050987e-05,-0.0002257852974695242
90655.35934216359,4.58084901266303e-05,-1.7331365995048142e-05,-0.00022578521324040715
94938.7717927582,4.580847223035349e-05,-1.733135922409973e-05,-0.00022578512503154747
99424.57296427398,4.58084534884956e-05,-1.733135213323082e-05,-0.00022578503265490796
104122.32560483043,4.580843386110417e-05,-1.7331344707325632e-05,-0.00022578493591356706
109042.04429677526,4.5808413306339036e-05,-1.73313369305542e-05,-0.00022578483460129907
114194.21680558647,4.580839178038322e-05,-1.7331328786338626e-05,-0.00022578472850213468
119589.82643749769,4.580836923734949e-05,-1.733132025731776e-05,-0.0002257846173899006
125240.3754535072,4.5808345629182554e-05,-1.7331311325310167e-05,-0.00022578450102773737
131157.90958968503,4.580832090555665e-05,-1.73313019712754e-05,-0.0002257843791675946
137355.04373605122,4.5808295013768256e-05,-1.73312921752734e-05,-0.0002257842515497022
143844.988828766,4.580826789862377e-05,-1.7331281916421997e-05,-0.00022578411790201671
150641.5800129591,4.580823950232184e-05,-1.7331271172852403e-05,-0.00022578397793964142
157759.30613623615,4.58082097643302e-05,-1.73312599216626e-05,-0.00022578383136421918
165213.34063573685,4.580817862125663e-05,-1.7331248138868523e-05,-0.00022578367786329638
173019.57388458907,4.580814600671384e-05,-1.7331235799352938e-05,-0.00022578351710965709
181194.64706671223,4.5808111851177963e-05,-1.7331222876811906e-05,-0.00022578334876062548
189755.98765218505,4.5808076081840385e-05,-1.733120934369874e-05,-0.00022578317245733562
198721.84654880533,4.5808038622452566e-05,-1.7331195171165254e-05,-0.0002257829878239665
208111.33700903907,4.580799939316353e-05,-1.733118032900032e-05,-0.00022578279446694107
217944.47537529835,4.580795831034966e-05,-1.7331164785565436e-05,-0.00022578259197408734
228242.22375040976,4.580791528643647e-05,-1.7331148507727333e-05,-0.00022578237991375996
239026.53468423893,4.580787022971199e-05,-1.7331131460787335e-05,-0.00022578215783392025
250320.39797173202,4.5807823044131265e-05,-1.7331113608407418e-05,-0.00022578192526117279
262147.88966213533,4.580777362911168e-05,-1.7331094912532753e-05,-0.0002257816816997565
274534.22338387143,4.5807721879318614e-05,-1.7331075333310615e-05,-0.00022578142663048808
287505.80409448774,4.58076676844409e-05,-1.7331054829005455e-05,-0.00022578115950965555
301090.2843702586,4.580761092895581e-05,-1.7331033355909927e-05,-0.00022578087976785944
315316.62335543614,4.580755149188278e-05,-1.7331010868251774e-05,-0.0002257805868087994
330215.14849681756,4.580748924652565e-05,-1.7330987318096273e-05,-0.00022578028000800346
345817.62019523775,4.580742406020266e-05,-1.7330962655244068e-05,-0.00022577995871149716
362157.29951180675,4.580735579396365e-05,-1.7330936827124216e-05,-0.00022577962223440984
379269.0190732246,4.580728430229403e-05,-1.733090977868214e-05,-0.00022577926985951547
397189.25732733024,4.580720943280465e-05,-1.7330881452262327e-05,-0.00022577890083570398
415956.2163071843,4.5807131025907074e-05,-1.7330851787485453e-05,-0.00022577851437638084
435609.9030694599,4.5807048914473536e-05,-1.7330820721119743e-05,-0.0002257781096577909
456192.21498074586,4.58069629234808e-05,-1.7330788186946203e-05,-0.00022577768581726314
477747.0290335773,4.580687286963725e-05,-1.7330754115617555e-05,-0.0002257772419513725
500320.2953825999,4.58067785609923e-05,-1.733071843451046e-05,-0.0002257767771140148
523960.13530026336,4.580667979652744e-05,-1.7330681067570774e-05,-0.00022577629031439106
548716.9437608599,4.5806576365727946e-05,-1.7330641935151515e-05,-0.0002257757805148963
574643.4968715974,4.580646804813431e-05,-1.7330600953843165e-05,-0.00022577524662890908
601795.0643797328,4.580635461287262e-05,-1.7330558036295963e-05,-0.00022577468751847605
630229.5274956011,4.5806235818162606e-05,-1.7330513091033814e-05,-0.00022577410199188793
660007.5022827089,4.580611141080263e-05,-1.7330466022259392e-05,-0.00022577348880114045
691192.4688779366,4.580598112563021e-05,-1.733041672965008e-05,-0.00022577284663927578
723850.9068173248,4.580584468495721e-05,-1.7330365108144247e-05,-0.00022577217413759844
758052.4367559246,4.5805701797978264e-05,-1.733031104771743e-05,-0.0002257714698627594
793869.9688838223,4.5805552160151355e-05,-1.7330254433148e-05,-0.00022577073231370322
831379.8583547334,4.580539545254909e-05,-1.7330195143771695e-05,-0.00022576995991847044
870662.0680585118,4.580523134117943e-05,-1.7330133053224642e-05,-0.00022576915103084957
911800.3390845662,4.580505947627431e-05,-1.7330068029174208e-05,-0.00022576830392687073
954882.3692395657,4.580487949154469e-05,-1.732999993303714e-05,-0.00022576741680113393
1000000.0,4.5804691003400526e-05,-1.7329928619684457e-05,-0.0002257664877629642
